line_item,2023,2024,2025
net_income,-4628,791,-4937
depreciation_and_amortization,2635,3824,6701
share_based_compensation,679,784,1947
intangible_asset_impairment,3775,—,—
deferred_income_taxes,-409,-675,626
unrealized_gain_loss_on_digital_assets,—,-955,112
impairment_and_loss_on_disposal_of_fixed_assets,36,135,88
amortization_of_debt_discount_and_issuance_costs,212,84,93
other_operating_adjustments,214,115,66
change_in_accounts_receivable,345,-347,-543
change_in_inventory,-72,-309,-413
change_in_prepaid_expenses_and_other_assets,41,-328,-673
change_in_accounts_payable,220,472,709
change_in_deferred_revenue,1695,1876,1929
change_in_operating_lease_liabilities_net,-15,-37,-56
change_in_other_liabilities,-208,346,1136
net_cash_from_operating_activities,4520,5776,6785
purchases_of_property_plant_and_equipment,-4415,-11163,-20737
capitalized_interest,—,—,-169
proceeds_from_product_rebates,—,—,118
purchases_of_marketable_securities,-3535,-3542,-611
maturities_of_marketable_securities,2731,3712,548
proceeds_from_sales_of_marketable_securities,333,193,1457
investments_in_unconsolidated_affiliates,—,—,-86
other_investing_activities_net,19,4,-95
net_cash_from_investing_activities,-4867,-10796,-19575
principal_repayments_on_finance_leases,—,-154,-295
proceeds_from_debt_and_other_financing_obligations,—,—,16055
payment_of_debt_issuance_costs,—,—,-66
repayments_on_debt_and_other_financing_obligations,-112,-77,-6858
proceeds_from_issuance_of_capital_stock,774,13101,18807
proceeds_from_employee_equity_award_plans,141,224,328
payments_for_repurchase_of_stock,-170,-1021,-1125
taxes_paid_for_net_share_settlement,-211,-243,-496
net_cash_from_financing_activities,422,11830,26350
effect_of_exchange_rate_changes_on_cash,-2,1,63
net_change_in_cash,73,6811,13623
cash_and_restricted_cash_beginning_of_year,4617,4690,11501
cash_and_restricted_cash_end_of_year,4690,11501,25124
cash_paid_for_interest_net_of_capitalized,1365,1500,1476
cash_paid_for_income_taxes_net,45,134,154
share_based_compensation_capitalized_in_property_plant_and_equipment,108,132,154
property_plant_and_equipment_in_accounts_payable,505,2481,7088