line_item,H1 2026
space_revenue,1581
connectivity_revenue,7548
ai_revenue,3379
total_revenue,12508
space_cost_of_revenue,610
connectivity_cost_of_revenue,3711
ai_cost_of_revenue,1562
total_cost_of_revenue,5883
space_research_and_development,2006
connectivity_research_and_development,499
ai_research_and_development,4557
total_research_and_development,7062
space_selling_general_and_administrative,169
connectivity_selling_general_and_administrative,494
ai_selling_general_and_administrative,995
total_selling_general_and_administrative,1658
space_restructuring_charges,—
connectivity_restructuring_charges,—
ai_restructuring_charges,-9
total_restructuring_charges,-9
space_total_costs_and_expenses,2785
connectivity_total_costs_and_expenses,4704
ai_total_costs_and_expenses,7105
total_total_costs_and_expenses,14594
space_operating_income,-1204
connectivity_operating_income,2844
ai_operating_income,-3726
total_operating_income,-2086
space_depreciation_and_amortization,324
connectivity_depreciation_and_amortization,1588
ai_depreciation_and_amortization,3378
total_depreciation_and_amortization,5290
space_share_based_compensation,324
connectivity_share_based_compensation,252
ai_share_based_compensation,894
total_share_based_compensation,1470
space_capital_expenditures,2226
connectivity_capital_expenditures,2699
ai_capital_expenditures,23551
total_capital_expenditures,28476