line_item,2024,2025
cash_and_cash_equivalents,11385,24747
marketable_securities,800,—
accounts_receivable,1052,1579
inventory,2003,2416
prepaid_expenses_and_other_current_assets,868,2210
total_current_assets,16108,30952
property_plant_and_equipment_net,21147,42602
finance_lease_right_of_use_assets,1686,1260
intangible_assets_net,2211,1548
digital_assets,1749,1637
goodwill,11129,11809
deferred_tax_assets,696,141
other_assets,2336,2130
total_assets,57062,92079
accounts_payable,4413,11792
deferred_revenue_current,5498,6111
debt_and_finance_leases_current,372,928
accrued_expenses_and_other_current_liabilities,1508,2569
total_current_liabilities,11791,21400
deferred_revenue_noncurrent,4681,6005
debt_and_finance_leases_noncurrent,13421,21968
other_liabilities,1365,1381
total_liabilities,31258,50754
redeemable_convertible_preferred_stock,20941,38752
class_a_common_stock,2,3
class_b_common_stock,1,1
class_c_common_stock,0,0
class_d_common_stock,—,—
additional_paid_in_capital,35865,37706
accumulated_deficit,-32098,-37035
accumulated_other_comprehensive_income,1093,1898
total_shareholders_equity,4863,2573
total_liabilities_preferred_and_equity,57062,92079
