line_item,Jun 2026
cash_and_cash_equivalents,93522
marketable_securities,6487
accounts_receivable,3596
inventory,2718
prepaid_expenses_and_other_current_assets,1724
total_current_assets,108047
property_plant_and_equipment_net,65736
finance_lease_right_of_use_assets,1118
intangible_assets_net,1318
digital_assets,1098
goodwill,11645
deferred_tax_assets,354
other_assets,3454
total_assets,192770
accounts_payable,8243
deferred_revenue_current,7977
debt_and_finance_leases_current,2525
accrued_expenses_and_other_current_liabilities,2377
total_current_liabilities,21122
deferred_revenue_noncurrent,6309
debt_and_finance_leases_noncurrent,36839
other_liabilities,1276
total_liabilities,65546
redeemable_convertible_preferred_stock,—
preferred_stock,—
class_a_common_stock,7
class_b_common_stock,6
class_c_common_stock,—
additional_paid_in_capital,167344
accumulated_deficit,-41852
accumulated_other_comprehensive_income,1719
total_shareholders_equity,127224
total_liabilities_preferred_and_equity,192770