line_item,H1 2025,H1 2026
revenue,8138,12508
cost_of_revenue,4244,5883
research_and_development,3515,7062
selling_general_and_administrative,1099,1658
restructuring_charges,194,-9
impairment,29,—
total_costs_and_expenses,9081,14594
operating_income,-943,-2086
interest_expense,-858,-1293
interest_income,215,553
other_income_expense_net,202,-1962
pretax_income,-1384,-4788
income_tax_expense,152,29
net_income,-1536,-4817
net_income_attributable_to_shareholders_basic,-1536,-5488
earnings_per_share_basic,-0.53,-1.12
weighted_average_shares_basic,2902,4879