line_item,2023
space_revenue,3557
connectivity_revenue,3869
ai_revenue,2961
total_revenue,10387
space_cost_of_revenue,1669
connectivity_cost_of_revenue,2786
ai_cost_of_revenue,1655
total_cost_of_revenue,6110
space_research_and_development,1538
connectivity_research_and_development,381
ai_research_and_development,186
total_research_and_development,2105
space_selling_general_and_administrative,351
connectivity_selling_general_and_administrative,233
ai_selling_general_and_administrative,1081
total_selling_general_and_administrative,1665
space_restructuring_charges,—
connectivity_restructuring_charges,—
ai_restructuring_charges,237
total_restructuring_charges,237
space_impairment,—
connectivity_impairment,—
ai_impairment,3775
total_impairment,3775
space_total_costs_and_expenses,3558
connectivity_total_costs_and_expenses,3400
ai_total_costs_and_expenses,6934
total_total_costs_and_expenses,13892
space_operating_income,-1
connectivity_operating_income,469
ai_operating_income,-3973
total_operating_income,-3505
space_depreciation_and_amortization,571
connectivity_depreciation_and_amortization,884
ai_depreciation_and_amortization,1180
total_depreciation_and_amortization,2635
space_share_based_compensation,427
connectivity_share_based_compensation,249
ai_share_based_compensation,3
total_share_based_compensation,679
space_capital_expenditures,1497
connectivity_capital_expenditures,2455
ai_capital_expenditures,463
total_capital_expenditures,4415